{
  "Jandira/SP": [
    -23.5282246,
    -46.902003
  ],
  "Piedade/SP": [
    -23.7074096,
    -47.4252319
  ],
  "Bertioga/SP": [
    -23.848568,
    -46.139586
  ],
  "Resende/RJ": [
    -22.4418699,
    -44.4204847
  ],
  "Ribeirão Pires/SP": [
    -23.7134177,
    -46.4160929
  ],
  "Guaratinguetá/SP": [
    -22.8057839,
    -45.1908926
  ],
  "Batatais/SP": [
    -20.892867,
    -47.592149
  ],
  "Ipuã/SP": [
    -20.4441839,
    -48.012504
  ],
  "Guará/SP": [
    -20.4290496,
    -47.8250067
  ],
  "Sarapuí/SP": [
    -23.63974,
    -47.824863
  ]
}